,PhaseSpaceLow,ChannelCorrelationLow,CrestFactorLow,PhaseSpaceMid,ChannelCorrelationMid,CrestFactorMid,PhaseSpaceHigh,ChannelCorrelationHigh,CrestFactorHigh
0.0,0.015,0.8315680169907447,12.633490895030963,0.085,0.8958103093370097,14.904099705858101,0.035,0.8431575052312472,21.852059826250738
1.0,0.035,0.982087938622485,23.211338105703604,0.135,0.925779615144098,17.22397810095342,0.08,0.8531830870062177,24.51318228783737
2.0,0.01,0.8647737782384914,25.133543423787636,0.0925,0.8038842438359586,26.03610418816992,0.0675,0.5589954938158685,38.969496560827835
3.0,0.0075,0.7270545361172185,15.501314540977003,0.06,0.6453826438970449,49.12901942148107,0.0425,0.03517212775199084,16.853714495432317
4.0,0.005,0.6131952284079855,9.097590045353742,0.04,0.4679079112458747,16.069422042973734,0.0175,-0.07861843811658611,11.068108822822985
5.0,0.0025,0.930607886241064,23.002155491176612,0.085,0.9244038049556765,13.974189534383699,0.055,0.8938673086533337,9.882279533841569
6.0,0.0825,0.9996954708796797,1.738261281231376,0.0875,0.9471369724274408,7.761715771455439,0.0525,0.9246155005713615,23.86736681192638
7.0,0.1025,0.9948064425413333,7.335007495637478,0.0625,0.8216870722589317,27.75464415733215,0.03,0.7159753109735285,10.703891138834328
8.0,0.105,0.9856036482795852,14.075911733019815,0.0725,0.8812101598757955,8.543009174257856,0.0425,0.8825362211794402,17.766798846564267
9.0,0.08,0.9839454854951362,20.920600612670327,0.07,0.9131752037718207,8.819711770582204,0.075,0.972428283203935,16.668708729793863
10.0,0.035,0.7272884498708616,6.918907584769696,0.0525,0.890378901714656,9.803323431989302,0.0575,0.9828658076749808,20.47101413100765
11.0,0.035,0.9059361887647984,4.303495195615501,0.055,0.9131805652346905,13.704688304211516,0.0525,0.9801764061100725,8.472485674498172
12.0,0.035,0.979482901489324,7.105051636853195,0.085,0.9468038705980799,19.790451346402417,0.045,0.9444393113218226,19.44005790506236
13.0,0.0325,0.9717024220159348,7.66738713339281,0.075,0.9500817637968221,21.17245020494522,0.025,0.8832576104205222,40.101005806417895
14.0,0.0275,0.9823576123519714,19.71396348806409,0.095,0.9686669943268866,9.402810203171109,0.0375,0.950685976312014,15.811013676114865
15.0,0.0425,0.9940214285823247,18.831231788108358,0.145,0.971611065799178,10.239577206311846,0.0775,0.9336837050817021,16.777212979070192
16.0,0.0275,0.9907398352021978,15.867390050727684,0.0925,0.9075276339324642,35.08967907875386,0.06,0.5780217735078736,15.281935177352018
17.0,0.0225,0.9970207271938952,21.93547739304217,0.0775,0.8959972837021263,2.380814604046648,0.05,0.09718347733042614,31.279929432711757
18.0,0.0225,0.9996956540759172,14.7129936423968,0.055,0.8591743525054053,17.886652499868298,0.0325,0.6343752170314567,7.64674823671906
19.0,0.0225,0.9987860465449008,14.634731571225775,0.075,0.8806655575797744,4.180947537868993,0.0525,0.9436867420922286,16.067412642224607
20.0,0.025,0.9980840146357391,18.849482706354593,0.1,0.9552081899951301,40.2907207737379,0.0525,0.9336065834282812,29.830225601070623
21.0,0.1,0.998295793477361,4.667951974054862,0.0925,0.9632003591443967,34.292047621209846,0.0475,0.8275370763049572,9.178840457627587
22.0,0.055,0.9440170923399818,20.24758581390548,0.065,0.8695679383834117,16.040388400225922,0.035,0.854633155259747,24.283399624189677
23.0,0.0325,0.7882855645817196,17.819780348202052,0.045,0.7821993289608724,11.39559858762538,0.0225,0.8966316645309825,19.71796750797096
24.0,0.1,0.986449199457765,3.669964707145189,0.0675,0.9307708226753368,13.82275764431592,0.0275,0.580047446006465,16.428924993626353
25.0,0.1075,0.9943997725600054,10.503009205152177,0.11,0.9658359609744336,23.157772975778485,0.0375,0.8028180891890667,31.073254921805532
26.0,0.04,0.88323104405978,6.309168093379856,0.055,0.9364241594565188,14.565101813656963,0.03,0.8256524951551343,4.4069658677247885
27.0,0.0325,0.86781143641223,4.317421286729682,0.07,0.9208969488595014,15.101400730783931,0.0375,0.9362817335718945,13.005606286448288
28.0,0.035,0.9529878528443666,12.952526513267825,0.055,0.8291774235245859,29.639114465165992,0.0425,0.9401331410935607,19.9890866771257
29.0,0.03,0.9697878112330913,13.269314177144997,0.0675,0.9278877323805497,6.099053571624539,0.0725,0.9811736179447287,30.112910281388636
30.0,0.05,0.9932869755429455,13.531361441158412,0.135,0.9252070983488435,13.0841396258384,0.075,0.7530709044446287,28.85718430864737
31.0,0.025,0.9919258141326952,4.09276830572359,0.075,0.7947683866577333,13.840179790906848,0.0625,0.7957767186323069,13.253284808122736
32.0,0.0225,0.995889733023076,4.132983457162523,0.065,0.8648424169770978,23.504615694249658,0.0525,0.7768074463920587,32.23660249502891
33.0,0.025,0.9980136916869048,5.438653414031674,0.03,0.35263321680001136,32.705363756631094,0.0175,-0.03762422668579491,72.98762683520242
34.0,0.025,0.9988017898425947,9.458203911230855,0.07,0.9750010128388982,12.55627483880109,0.0725,0.9739136316180029,18.14039824689268
35.0,0.11,0.999146084581415,5.646292367069687,0.0675,0.9288945223826797,22.7709634612442,0.0325,0.7958069891522593,7.694714844647146
36.0,0.085,0.9897871165607339,18.8044860224603,0.0675,0.8637549645765895,39.3383391403687,0.04,0.8216409080359587,31.851800586815987
37.0,0.105,0.9859626476778023,10.559905304575208,0.095,0.9720553345915985,11.7046786642563,0.0475,0.9386885546179081,34.78657734142105
38.0,0.07,0.9756836525728072,30.315525986141107,0.0675,0.8939410983538999,24.57610990663387,0.065,0.9777027792870248,38.37439427527477
39.0,0.02,0.5624112253777201,0.23451778646463972,0.055,0.8237871912053992,16.566611386078936,0.0375,0.843736612642758,18.004961521249236
40.0,0.03,0.7992782614176525,23.897314294614134,0.0525,0.5995091589327735,9.607366424118325,0.04,0.858402443891724,18.798942603368832
41.0,0.0175,0.9016942794683473,43.5514701895439,0.1025,0.9559024894568784,18.704577368576082,0.045,0.8850690581409801,14.681441157022821
42.0,0.0125,0.8143918105790044,11.68859239286448,0.075,0.8560145331471708,42.89025919460236,0.035,0.7174944361414063,26.921955123798163
43.0,0.01,0.8531338660155625,7.469143388263348,0.055,0.3815778244202164,8.718272024422513,0.0175,-0.0851650451991027,20.487033694121696
44.0,0.0375,0.991290103991268,13.115916032771825,0.1375,0.9487281441421618,7.502971589695021,0.08,0.896057320587672,20.451466642945356
45.0,0.01,0.8324237205342235,24.675920149601307,0.085,0.7459064816874802,6.9725387561659495,0.055,0.3745135583009036,26.834083046151576
46.0,0.0025,0.5389035551564525,71.13157642337258,0.065,0.7554300217648409,15.828831222648772,0.045,0.27296667025206683,28.107318810886966
47.0,0.0025,0.7609418546535125,10.126322623332339,0.045,0.6302934773362066,14.080749512534618,0.035,0.6737528104604422,16.25948447956838
48.0,0.0025,0.7791451397585908,2.7150976006833023,0.07,0.8738106631715039,29.843003772705497,0.035,0.7483735692803607,30.079782870507465
49.0,0.085,0.9998594296071872,9.022426283952099,0.0975,0.8421411344592464,17.40258210259219,0.0275,0.21703149714630465,34.0059673092876
50.0,0.09,0.9962833458466976,25.547685722875734,0.1325,0.9558034465590726,17.550209972787794,0.0375,0.7967112644637072,18.785226721915997
51.0,0.0325,0.7910372257829981,9.676797164864787,0.0675,0.8920436185694627,20.337961704983726,0.0275,0.7888635593986107,12.927292327253745
52.0,0.0225,0.4811897787632518,7.538549132427156,0.065,0.6413239870407906,45.06145990769603,0.0375,0.9001678297942055,19.53891352021742
53.0,0.1025,0.9928248813109083,4.67531633226656,0.0875,0.8708265185542333,10.985551492038333,0.06,0.8625194892489974,44.74326063071837
54.0,0.0875,0.9863964701584524,13.75544693223661,0.065,0.8224801209786418,8.887271000726157,0.04,0.8634229764387629,53.86860881207204
55.0,0.0225,0.43800853599183687,14.14019383881019,0.1025,0.9449105658505091,20.266506336885627,0.0525,0.8946380965995773,10.274924335151521
56.0,0.0225,0.6577598873020236,30.424002621931166,0.075,0.888852873599689,41.72647772424818,0.0325,0.7502562020233562,10.450784363272849
57.0,0.02,0.8826387231126931,10.828194306796298,0.0675,0.7760151323550434,2.689169268681912,0.0175,0.4900099077626836,11.197434734192784
58.0,0.04,0.9644248859027542,8.2363633138073,0.1425,0.9241028281543359,13.532983061100195,0.0825,0.88299449060056,12.379449729238562
59.0,0.0325,0.9822342446958101,15.896619497351544,0.0925,0.7511660771469444,9.936949776506111,0.085,0.888394615027392,12.149136832518474
60.0,0.0075,0.7633546992100865,27.71401887909434,0.0675,0.7292329023187548,2.2944718618806874,0.0625,0.7438641812042037,28.29559759022116
61.0,0.0075,0.6943906034014009,7.7978776788279225,0.0625,0.7683198878863366,27.759056641887337,0.0675,0.8972615756117992,18.16438994137044
62.0,0.0025,0.5519601512706412,19.44945137795778,0.03,0.42043955454728926,8.760818237877226,0.0125,-0.028098048268572377,13.771426449704569
63.0,0.0025,0.6458768569504598,16.484416012420912,0.03,0.2739014809011452,9.668126732946353,0.0125,-0.20149479335425693,8.60300496146962
64.0,0.11,0.9978822116180179,2.368219594662952,0.0725,0.8492225383976625,10.776115088780863,0.0325,0.45116249691883076,9.020147169542623
65.0,0.0725,0.9643571390975856,9.216781870649891,0.1,0.9585847176456829,21.872082517526174,0.0425,0.8947378621071752,35.642004522116764
66.0,0.1025,0.9915437250232871,10.058748098669097,0.0825,0.9461909551923988,10.37992692770387,0.03,0.7949641669967391,17.07905361484071
67.0,0.05,0.946360960690296,10.482256327291532,0.0775,0.9077617310166676,11.792061117700719,0.0325,0.8936314744355206,16.58163848172906
68.0,0.03,0.741687227965932,1.8889894743034306,0.06,0.9188686989190652,4.037848598720786,0.0525,0.9728229146333925,25.190021082638893
69.0,0.0325,0.9495805315850127,13.410095545218796,0.045,0.8589559506083734,38.8411096175014,0.015,0.5228471807801124,23.447404169218306
70.0,0.0275,0.9457332051294415,16.482805869829242,0.085,0.9571769506172382,28.677472013353555,0.06,0.9854365601241393,19.02481894463707
71.0,0.0275,0.9643053918784487,19.819162632188185,0.05,0.8802658576812687,14.86997128701588,0.0675,0.9877773153385376,4.607702281275653
72.0,0.025,0.9883273914706334,6.352568615929179,0.0375,0.758963337687911,14.122777549955444,0.0575,0.93117869992508,30.69138144599611
73.0,0.04,0.9939498713939288,11.190829541551786,0.1625,0.973171028856794,51.984005424170185,0.0825,0.8751496337491758,26.74840637850405
74.0,0.03,0.9969654675158749,27.361881228504128,0.0725,0.8501144215184196,3.2519969386025354,0.05,0.494067969288818,25.736557448301816
75.0,0.025,0.9993332861050083,27.167735987323546,0.0775,0.8771455328716625,17.664764212991745,0.05,0.4683634814347274,37.23143737009356
76.0,0.025,0.998174284325659,8.05804989675752,0.0825,0.935835528658747,19.513234547108333,0.0375,0.7865785721570118,33.95524007639806
77.0,0.025,0.9982662256093232,1.4056793931663716,0.085,0.9327769884386953,12.078295351306219,0.02,0.7857697231852658,22.275930672880932
78.0,0.1,0.9990656387176319,12.472831035393098,0.0725,0.8966105399992326,5.937716763821955,0.0275,0.5666441256796787,11.155974780814162
79.0,0.08,0.9861211188902727,11.096470665607153,0.1025,0.9488407938154468,6.805292220576833,0.03,0.7498119031013241,19.162078570313895
80.0,0.0375,0.7664189251416396,19.976814729258663,0.08,0.9561266346936916,24.10872745630707,0.0325,0.9496799564255962,23.37309432022667
81.0,0.035,0.8895629979850774,20.349092335308278,0.0325,0.5325468418984409,23.879495709263384,0.0125,0.2550462077635139,15.043918024162142
82.0,0.105,0.9958694535353723,8.932388932836538,0.1075,0.9657565445973982,21.794489486118763,0.0275,0.7202583835157669,6.364414199498429
83.0,0.0575,0.9611997783166989,12.397333084628935,0.0825,0.9369743857110573,22.471321370375613,0.0275,0.7809780483567226,17.86983667452297
84.0,0.035,0.758065907108659,2.9332263598353863,0.095,0.9605295751686859,12.467134008684473,0.0475,0.9200802763195347,25.435663588847476
85.0,0.035,0.9451931940653294,9.426968500894027,0.05,0.8909988363995488,16.311599448735837,0.0325,0.9170423613369955,8.485293582239088
86.0,0.0275,0.9421398396495974,7.605309820730661,0.06,0.9208787838910631,8.752062612584865,0.035,0.9480472169986143,14.009689322565933
87.0,0.0425,0.9861589347090677,11.383704664524426,0.1375,0.9670023303361991,33.57295164133177,0.0925,0.9684223559774512,20.714107611771134
88.0,0.025,0.9903026656466458,31.790197164555845,0.06,0.6402555508480753,14.800334134884576,0.0775,0.7874733820981193,22.3802790820845
89.0,0.025,0.9897364397158174,38.02913282350178,0.0725,0.8022817298669863,30.6839937769626,0.0625,0.7690000656291486,20.346083266958466
90.0,0.025,0.9959962622262484,34.69838476839147,0.0325,0.4169331760044377,19.633616601528892,0.0325,0.4112375731227152,25.307801698765093
91.0,0.025,0.9987117601854519,29.337490612718984,0.025,0.24932439386718597,16.16220403528323,0.0125,-0.04624756567697551,18.50934925396954
92.0,0.085,0.9988118529477501,1.5693048216406824,0.07,0.9381861678739892,5.771244391373265,0.025,0.3260286127901759,18.02474968673374
93.0,0.11,0.9971094749264527,18.783550832367702,0.1175,0.9790667489660954,7.6069778670113095,0.0575,0.9476880871091462,28.20327264767791
94.0,0.105,0.9780670711609926,0.08972673169023712,0.085,0.9583618793483614,24.740123793984203,0.0425,0.863573807916711,24.28422333885046
95.0,0.09,0.988556296172647,18.95254616223667,0.0775,0.954945571770274,21.159870539324256,0.025,0.749605788542087,13.544594968927155
96.0,0.0325,0.7880455509479045,16.40949906639647,0.0625,0.8473431555273103,0.3808984922255251,0.0175,0.41771688777960564,15.745468320424973
97.0,0.0275,0.7559124575813688,8.54303832946751,0.115,0.9262991526002131,21.878212177715028,0.0475,0.9380407100878714,34.67906564501246
98.0,0.0175,0.8320931367011167,20.55458890041544,0.115,0.9454475636013654,21.727992320170372,0.0375,0.6933298514108611,29.110319344936254
99.0,0.015,0.857528745481808,19.282619008390142,0.1025,0.9432379775828182,17.629256246978905,0.035,0.7960275138919762,24.728021591967348
100.0,0.0125,0.826595108633272,6.672325826558771,0.1075,0.8867169964437687,16.154888000679644,0.035,0.7668445764293478,21.674280607289774
101.0,0.0375,0.9850921874451726,12.830063168927737,0.145,0.8621123366571702,6.756163259579245,0.0725,0.8780463471070642,23.85920894648632
102.0,0.03,0.9899535821035507,26.385360493945228,0.1025,0.8990150444055577,13.67762830607607,0.06,0.5934121000827569,15.291827869832153
103.0,0.005,0.7271812350919549,13.138102661268412,0.06,0.16376001796079317,12.995301652703654,0.055,0.5287336496312472,3.561563397605477
104.0,0.0025,0.9047112648008265,7.800534379445599,0.065,0.7848037796119279,32.08607793007788,0.055,0.7777447946407886,22.565995406748844
105.0,0.0025,0.8005203383580458,0.0,0.12,0.8926120473124791,4.630058417269734,0.09,0.9505159023168541,7.058070858462118
106.0,0.005,0.7153860291501819,13.980679212929395,0.1325,0.8964972189196608,28.352514371275603,0.065,0.9535164562920709,26.853733247693214
107.0,0.1075,0.998604112672276,16.829677961205036,0.1425,0.9357129726390655,31.102474813544546,0.065,0.8544915581064868,12.327015321183158
108.0,0.06,0.9684189921777075,24.090309305440172,0.115,0.9395430396027553,17.94008423617393,0.045,0.8124798099026265,15.727227215042273
109.0,0.0175,0.26896613769385097,12.808446552711995,0.07,0.898232188411248,29.573592225079036,0.03,0.850434501595219,28.851203982259534
110.0,0.0825,0.9564383036975845,15.729393534959131,0.0775,0.8450089780197156,15.378776932492414,0.0275,0.6621834276642065,17.840124785979935
111.0,0.1125,0.9962718544208421,21.02529102528369,0.095,0.9321538311895614,7.610353970324918,0.0475,0.798399566498591,21.555294637147316
112.0,0.0325,0.7733811594244608,19.359673561920946,0.095,0.8306424802309831,7.319314119201868,0.0375,0.7286941024662887,20.06736612298252
113.0,0.025,0.6271098447112653,28.694492459406113,0.1475,0.969833582633148,17.765290304948802,0.05,0.9006340075187413,10.919041689334987
114.0,0.0775,0.9710939335854238,12.81331231007968,0.0875,0.8485822174666149,9.459775223370904,0.045,0.8695042724630241,6.613059635463795
115.0,0.055,0.9856530356356055,7.4224955680559574,0.0875,0.8312376150713031,27.88052153090127,0.0475,0.871141393876497,22.85174633248408
116.0,0.05,0.9855759680410842,14.475764860100986,0.1275,0.8826904540666969,17.73047155283833,0.08,0.8178135287297624,26.4854200548588
117.0,0.0375,0.9821940433428432,7.785216054355403,0.08,0.7540259922805242,8.608249227498407,0.09,0.9050779450201235,53.44583416491918
118.0,0.035,0.991244053857186,7.491948876846242,0.06,0.8067935219663663,6.149460280686406,0.0575,0.8409122547009301,34.080694986756995
119.0,0.03,0.9968805401946284,6.898586413690722,0.105,0.8259910360186377,12.190190979755117,0.055,0.8669565700460421,24.513401123259282
120.0,0.055,0.9882395046197342,3.9275875281912325,0.0975,0.8989408933489607,18.83131522421231,0.0675,0.943617385476773,32.19138700263531
121.0,0.1025,0.9964561576017613,10.694700968115464,0.0775,0.8363618163008809,56.86740884990749,0.025,0.45677603810492606,35.24107568550054
122.0,0.1,0.9911449547667937,17.97785396973634,0.0875,0.8680509377555577,19.492089378535823,0.07,0.9342564734750114,33.49166986835614
123.0,0.1,0.987279570521554,7.017378311377032,0.09,0.9321499521417175,17.13742859712735,0.065,0.939766254761772,20.083709693816214
124.0,0.075,0.9861606943569271,17.45062485193042,0.0725,0.8910888207132189,20.68475110707697,0.0525,0.8730920466916625,17.99201734697665
125.0,0.03,0.7198425966384184,1.2335191914761745,0.0775,0.905212658367986,12.369530431389766,0.0325,0.8597072728465293,5.217830346583918
126.0,0.035,0.912725474873092,32.69618439136239,0.0675,0.8649094644253212,32.60077907297474,0.0475,0.9565842665698465,12.970933026309092
127.0,0.0325,0.9792744638191948,7.212043204309804,0.0875,0.9379521276296409,39.17919801524791,0.0675,0.9687375664809251,30.229265474498987
128.0,0.0275,0.971629973309651,11.02903719522297,0.0675,0.8620714515563194,26.221930395607657,0.0325,0.862755268342715,16.716340953407304
129.0,0.0225,0.9855409861806619,5.429172283767371,0.07,0.9072023364615996,32.545774098308534,0.0425,0.8243158183912348,25.441293579535905
130.0,0.04,0.9930748803256528,16.157330760737345,0.1225,0.9561331714995853,23.381694460189472,0.0775,0.9342040785970406,11.794704288625669
131.0,0.0275,0.9913217059546977,15.91771474036533,0.0775,0.7466892955587695,13.698286474557449,0.0625,0.7413567234351857,6.94791207120227
132.0,0.0225,0.9949489167439772,10.522579999133834,0.07,0.8175904841574761,3.2945518291261733,0.045,0.4230460711524135,19.674380199814262
133.0,0.0225,0.9987829095196104,5.877994568874676,0.0825,0.9176472945397631,11.290894781967957,0.045,0.8712885861197224,26.732040916900047
134.0,0.0225,0.9972507935796018,5.065561196261142,0.0925,0.9353766519312575,29.584333385662593,0.055,0.9423840010018358,67.82276415372527
135.0,0.065,0.9987299382483691,0.0,0.075,0.8915975558480288,7.604051260689007,0.0525,0.9476071285711135,33.70576901256156
136.0,0.1075,0.9976904063362301,20.29817126375888,0.09,0.9198745563654659,19.931812105738885,0.0625,0.8746258497195522,44.845451720216836
137.0,0.0525,0.9287037325480997,26.90183435143056,0.0825,0.9125733817421217,17.851307675948288,0.0325,0.8223996442562456,35.3907145592221
138.0,0.0375,0.8097645281977166,11.722802332438661,0.1,0.9605254187451742,20.13742057379495,0.03,0.8764713389685044,28.31613860898092
139.0,0.11,0.9931187468835145,16.866721633801426,0.09,0.9589482251447531,4.933574005799169,0.0475,0.8921261732245057,13.913977383697272
140.0,0.1,0.9902157031188566,35.55032788204818,0.085,0.9255783774180092,30.716269774093266,0.0375,0.8151483080070145,16.961199537418686
141.0,0.035,0.7911507902455391,23.42987563283616,0.0725,0.9144594991982369,14.504183437800453,0.035,0.8302655777164772,3.947875158103682
142.0,0.035,0.8811803134475296,13.47160093990567,0.0875,0.9568876366835724,23.336398620378638,0.03,0.8958764679645999,9.698760718167229
143.0,0.035,0.9540289245232245,20.0527120104141,0.075,0.9466410252201805,14.843092180982246,0.0425,0.9490321077554662,16.584448399795846
144.0,0.03,0.9798382575607981,12.077331445487031,0.1325,0.9529660141937291,9.949251440390093,0.075,0.9654706864856345,36.566491036783965
145.0,0.0525,0.9923230802231201,22.62822350973087,0.095,0.8096348957137013,17.595074728654374,0.06,0.6418177565979636,17.052828607884273
146.0,0.025,0.9945104216407676,4.917109873858037,0.045,0.12405333150086947,16.55997826438585,0.05,0.41362672954897434,12.756252849372977
147.0,0.025,0.9939783444330184,0.7234850961686305,0.1125,0.9505344109634383,12.48383585778484,0.0575,0.901744649493005,11.655502548244911
148.0,0.025,0.9981249115843427,0.5703999239311794,0.075,0.8803919792023163,25.837164807352934,0.0425,0.8488801410670996,30.072926937579957
149.0,0.025,0.9989127020954521,4.046463321453244,0.0525,0.9385615855184222,19.123645263520924,0.02,0.8417857775422692,19.385440150631506
150.0,0.1125,0.998943217285455,5.3827165911734465,0.07,0.9476666328985079,12.513169620733748,0.055,0.875783931992911,5.433397808504409
151.0,0.0825,0.9865477337121902,26.630333928219017,0.075,0.9496274817033414,19.28449384150271,0.06,0.9496182690856172,33.3696645195624
152.0,0.11,0.9875631901604779,6.303215531633471,0.08,0.9536398928661141,17.25781135188765,0.03,0.7705797696079641,8.610328938613298
153.0,0.045,0.9433857344094075,30.897252715550643,0.06,0.8839848345325627,6.899327785572282,0.04,0.8287520077527422,24.308581881194495
154.0,0.0225,0.6154316719723784,6.7317445214989755,0.0625,0.8980805473667598,41.073435953156974,0.0425,0.9077612872257126,25.675204507907186
155.0,0.0275,0.8447911104676766,3.0649489265727716,0.035,0.38444066854426645,21.439567417273643,0.04,0.9143925404684972,6.216725678817479
156.0,0.0175,0.8965790797511574,10.82845248542997,0.1,0.934670186800706,13.957408853166323,0.045,0.9011482675377811,21.62024927094958
157.0,0.0125,0.8182834801764484,17.936157947549848,0.0775,0.8819501696800415,6.151769120221661,0.03,0.784521552909219,17.11338388605016
158.0,0.01,0.8768562968707613,13.869751628036306,0.0825,0.8324500341730925,28.97063266931709,0.035,0.8216135785995267,27.16820521278749
159.0,0.04,0.9933491963396501,26.612575513559197,0.1325,0.9132555483343833,27.49060341774262,0.08,0.8248416282603886,63.4916756123458
160.0,0.0075,0.8202043044098113,18.761932226322255,0.065,0.5785443848204413,26.380683363580953,0.0525,0.2872595971511381,32.11466742928066
161.0,0.0025,0.7379395436806645,17.54937191762639,0.0975,0.8520332550499798,13.734202056432467,0.0475,0.5128821885135056,5.270441814389139
162.0,0.0025,0.43919570508957506,30.90546040668468,0.0775,0.8615519942594992,6.108367906447203,0.07,0.9583629584188385,22.569094466262168
163.0,0.0025,0.32273679902024915,19.56469770564968,0.06,0.7427822933137002,7.8612397734851776,0.0425,0.8280962571711309,12.478071211876811
164.0,0.105,0.9996227134575377,2.942809725727616,0.07,0.829105241884753,16.428190470738183,0.0525,0.8231668892238352,18.27912107776273
165.0,0.085,0.9926614534779027,17.950780658968647,0.0925,0.9168971497654043,30.91540758737429,0.04,0.7638684012915505,6.14932088438236
166.0,0.0275,0.6720686917587391,13.982849696475672,0.08,0.8978887827489284,11.431639689530213,0.0375,0.6463199657367982,11.629455891390222
167.0,0.025,0.6544175624713625,17.5325122952341,0.09,0.9152500567391862,21.67365440517902,0.03,0.8734667819948837,18.327340914217835
168.0,0.105,0.9955800721886626,11.46257618630246,0.0875,0.9409192974124518,12.722935847960681,0.0375,0.679584536640611,9.870048664550373
169.0,0.075,0.9791125697811144,25.615318761537395,0.0875,0.8080526993011565,12.0932129050954,0.04,0.7044454849280881,45.78758189023441
170.0,0.02,0.34845070001764694,5.313799147859236,0.145,0.9647677111196286,41.13347294598724,0.06,0.9259506309035839,17.406796814631374
171.0,0.025,0.7986888832248916,9.74666991367393,0.08,0.8732216406264324,26.670036598126817,0.04,0.8417684847124516,25.582005820884174
172.0,0.02,0.8978796719563323,22.547242920134952,0.085,0.8591940831503833,26.269793529599305,0.04,0.8694432027066116,19.40629535377021
173.0,0.04,0.9831237293689989,12.08574034630436,0.1375,0.9185228562820009,26.00656086561071,0.08,0.9050082472854079,25.634103103995795
174.0,0.015,0.9323007572053371,22.73287927871381,0.08,0.7055207750753476,8.708123854445539,0.0675,0.583185553658736,19.0282050709715
175.0,0.0075,0.6360201153446838,9.801701634705909,0.11,0.9075159104292561,27.240474704113645,0.05,0.5289434983920314,21.059226259984957
176.0,0.005,0.6288499344708007,11.02037174596097,0.0725,0.8250033688161688,22.011166574468703,0.0375,0.4251104312721865,10.893294359231188
177.0,0.0025,0.478696341840389,28.127072877301927,0.075,0.9177049037018873,27.779156293039513,0.0875,0.9646376563594173,12.648478601894745
178.0,0.01,0.9837399318757079,8.977899828941073,0.0625,0.8332566168919328,25.678199755100785,0.0575,0.9478758718773255,20.643884604466464
179.0,0.1075,0.997650844136158,16.957880369700916,0.08,0.8851590565669747,36.12142016808949,0.0525,0.819338468434012,15.769296936592017
180.0,0.0825,0.9650437224782692,6.445373030429208,0.075,0.8898765366902618,48.087178199045624,0.0475,0.873485921011792,28.495855820969417
181.0,0.1075,0.9895132882333922,24.59361941899404,0.11,0.9654391602029677,25.235508128564,0.03,0.6958154522818746,25.211646421680022
182.0,0.045,0.9228622305376692,8.429625150828494,0.0675,0.943840840812051,10.406941856577006,0.0275,0.850263554622593,17.911172700602652
183.0,0.03,0.8441708489936919,7.707613703178992,0.0575,0.853681942151373,19.407483888552502,0.0275,0.9192332714987141,18.447816103021072
184.0,0.0325,0.9582602548318367,33.83742191700528,0.0775,0.9008336142244447,11.567507303422744,0.05,0.9666775199451978,22.616226790009645
185.0,0.0275,0.9499982602840831,7.779071206817899,0.125,0.9744789955542078,30.074958672396747,0.0575,0.9589611292779517,35.11286522439155
186.0,0.03,0.9765336786878022,3.539148987989341,0.11,0.9648351694650209,13.062889700834281,0.03,0.776860263228615,15.649879971851737
187.0,0.0275,0.9874980659103912,8.999100399566217,0.14,0.9778968839340403,18.027842952035144,0.0775,0.9569563392676959,39.07466410313444
188.0,0.04,0.9919612197167863,10.792281897325555,0.105,0.9485115433778706,10.717289201779593,0.065,0.7051354171395713,12.953152344464943
189.0,0.025,0.9950419581660034,13.201060991868271,0.0725,0.8106078551134297,22.398349276416226,0.0475,0.20419198886133655,15.831272904122216
190.0,0.0225,0.9980894269403875,16.695652674005647,0.0725,0.8953309715447051,12.656423053559834,0.03,0.5266502967130485,14.094339224107484
191.0,0.0225,0.997225316514748,19.98290674764688,0.0675,0.8751781660006286,13.450003139680039,0.0225,0.6515459599836494,3.2116983794241296
192.0,0.0225,0.9977270911514093,23.366275081866657,0.0775,0.93079669055605,20.855651487468243,0.0475,0.9607629532126689,51.42483258235455
193.0,0.105,0.9986159523952222,7.750326389733191,0.0775,0.9207256089289944,12.690389756358613,0.05,0.9019484945110253,13.844993735242584
194.0,0.075,0.9812938248231479,24.3753312994233,0.08,0.9473043669289442,13.830790933013702,0.0325,0.8274457619802129,17.61167779244474
195.0,0.0375,0.7501471774753731,15.669771393868992,0.07,0.9383114792160289,11.837408603264825,0.0325,0.9377637403684242,18.647960673872518
196.0,0.0475,0.9179322009156877,1.2277516587551824,0.0625,0.8882488619769584,5.239591018786922,0.035,0.9523879764601803,8.963054528703715
197.0,0.105,0.996210823258304,24.065506431008327,0.08,0.932140476335029,3.0518530371756802,0.0475,0.8899208909652087,12.486349804841229
198.0,0.0475,0.9223146080624703,4.679497661479602,0.08,0.9527948834138564,3.6079177306131687,0.0475,0.9328796342190498,6.877047506405996
199.0,0.035,0.7870387006320544,4.452341472830189,0.1025,0.9684693600881051,16.363314252209676,0.06,0.9347904139577754,16.33834283965682
200.0,0.035,0.9511190127118728,5.416997371014409,0.07,0.9421698736614347,17.584214503562244,0.025,0.8731626003854491,11.299282392223443
201.0,0.0325,0.9550638032474636,2.999175355362338,0.0825,0.9471799477310673,17.79917805035448,0.04,0.9370298166834575,28.698894886256202
202.0,0.0475,0.9867428176401662,18.50316163508289,0.1425,0.94174761680632,13.534552290763225,0.0775,0.8446937443094997,20.67647975897872
203.0,0.025,0.9913676411259147,10.218019346612719,0.07,0.8081969520241763,6.858840271414504,0.0575,0.3838293387232767,16.286852842199913
204.0,0.0225,0.9917523150059788,4.059155827139797,0.07,0.8702110431801184,15.18125655544026,0.095,0.8958904364235416,6.824277961981512
205.0,0.025,0.9955884872230442,3.075387730125257,0.0675,0.8962122122114363,21.791265545899424,0.0825,0.963857875514864,36.66853777959534
206.0,0.025,0.9984635171841901,3.976528194841658,0.065,0.9398790175677455,20.10597721545672,0.0475,0.943421994022197,14.949138419188797
207.0,0.0975,0.9994471724706724,1.954795019584907,0.09,0.9746593725888029,21.504839370143472,0.045,0.9301725169685313,33.07587815728618
208.0,0.095,0.9932953946872911,12.668179143948455,0.0675,0.9138858402121468,14.063636492779885,0.0575,0.8861316544749153,41.82673094083097
209.0,0.1,0.9824099492498369,7.288854578622943,0.0825,0.9436569721286656,1.0516140609637439,0.0575,0.9369814076820527,16.222997954313193
210.0,0.085,0.9854830400063356,20.63447084963238,0.0725,0.9059672472794296,61.97570737244115,0.0775,0.9727225599332078,29.018790806943933
211.0,0.025,0.6681844493078504,24.61160993187653,0.0425,0.6262508677709454,9.163364497614232,0.0375,0.8928642465410824,10.555289019459744
212.0,0.0275,0.6860291725007454,12.017570880089934,0.0875,0.9116245651262985,19.140566053662496,0.0475,0.8859512453630275,67.48926056883901
213.0,0.0225,0.9135150998046628,12.770260471807305,0.095,0.9537325702585693,3.421364642125127,0.015,0.4030414474479823,27.275424868159757
214.0,0.015,0.8925107379369741,9.024023515078794,0.0775,0.8220848068933279,66.06140273627157,0.0125,-0.01335248977573694,34.37420184534122
215.0,0.0125,0.8359922853245557,11.027626300004894,0.12,0.9315582507958166,9.595227438815888,0.0375,0.8549210773842415,18.404656790473627
216.0,0.0375,0.9951151876057364,9.990342591682516,0.1425,0.9293140452293771,26.78843258148257,0.0875,0.9276870316691305,13.620625208750859
217.0,0.0175,0.9582921156765539,34.66360203039556,0.0825,0.7472467232915555,12.107857015340741,0.065,0.7671994947727705,41.24884933305121
218.0,0.0025,0.6082287226418799,17.786399102867396,0.05,0.29126583913154236,7.746703496532578,0.05,0.09442871745127736,24.989920033409806
219.0,0.0025,0.896716848687028,32.01601241368971,0.1025,0.9157624188060577,17.867183328110798,0.0725,0.8914930228074834,19.748252987315816
220.0,0.0025,0.5579070026711864,15.261338489282908,0.075,0.8519891924147187,11.928400611675439,0.0575,0.9490244380125339,14.780097971593985
221.0,0.0025,0.5196148334820435,8.637200280664532,0.0525,0.5811478932557287,8.288450785321468,0.0375,0.7396225904667227,21.261361835637555
222.0,0.1075,0.9977154898182139,7.895589187576224,0.085,0.9185436077311523,14.102961381502618,0.0325,0.5617221935024432,6.582354564197046
223.0,0.045,0.9273330848022172,25.176587119055366,0.1225,0.9565411601794747,10.007158440744593,0.0275,0.5972108233999968,20.36140354503796
224.0,0.02,0.26545876546755537,3.7616404481594334,0.085,0.8971338333033453,23.616002071847184,0.0225,0.63060894468849,21.779797288385478
225.0,0.1025,0.9846248867409694,0.0,0.0875,0.9008902326535975,6.027369736540958,0.0375,0.8063289537313687,27.765653564664994
226.0,0.09,0.9936784271262733,36.69286999765015,0.095,0.8881862908296075,10.878736418984644,0.04,0.7758899209952108,26.419904067837813
227.0,0.0275,0.691314997850251,17.1743914295358,0.1075,0.8772458179897357,33.96864423348121,0.0425,0.7672370495670795,7.698960105039619
228.0,0.025,0.672548700986191,15.737406959851555,0.1275,0.9516440371313561,8.701559144454428,0.0725,0.9357174435452218,17.215200625225652
229.0,0.0225,0.8676829803073598,32.659580098603286,0.0825,0.8582031214709838,3.353372804652626,0.045,0.8334475187204231,17.353881073594977
230.0,0.0125,0.853900687730958,13.651403833067572,0.0775,0.862921315702252,7.693553670629962,0.0425,0.8083073755343836,45.440998961842006
231.0,0.035,0.9884916967544307,30.77407156088507,0.14,0.8425992595099179,26.508440242932103,0.07,0.72916945847871,19.002450063977804
232.0,0.0075,0.8318602096011805,22.279244462264828,0.05,0.22899207769144556,14.405429325173252,0.045,0.02583513533392638,11.36417126147933
233.0,0.0075,0.7526321178319733,12.943785852106462,0.0975,0.8470078185423214,27.480792574992204,0.0425,0.38932424503264607,15.629118025144606
234.0,0.0025,0.6989536883671128,21.548442807655874,0.0725,0.9019283336780963,9.379572088407945,0.0575,0.912098384876781,23.30274364681072
235.0,0.0025,0.7405824857058453,11.598993002412215,0.095,0.9555977573703104,11.022007406973469,0.0625,0.9443121967403083,24.157843901927126
236.0,0.1075,0.9990266831569246,24.645499047960378,0.07,0.8713154982558616,17.238188458286498,0.03,0.34312209969914326,14.601050319118436
237.0,0.0675,0.985128228453459,16.708729450146517,0.095,0.9289198172991145,15.796261216004694,0.0325,0.6983340248316604,30.093110632467255
238.0,0.105,0.9857067550060307,20.26490209785137,0.0775,0.9059634790326364,7.494252902267472,0.0725,0.9385021048142625,8.183813424301555
239.0,0.075,0.9721027876439041,29.42912603365949,0.0425,0.7834739005426564,31.224934614022295,0.055,0.9544046778867756,29.982270107503943
240.0,0.035,0.7927999798808347,3.1773550640530095,0.0925,0.9377688731246997,8.676396489058314,0.0725,0.9775849120799339,17.042887227171455
241.0,0.035,0.9177562909014704,21.980026941026736,0.06,0.8333047899591857,14.796436804213464,0.035,0.7949767540760236,16.08615211723079
242.0,0.0325,0.9808060209291632,11.320006262568842,0.055,0.9036822829183329,9.44422783826359,0.0425,0.963624921670627,28.133695475345498
243.0,0.03,0.9800642530783251,12.280379315857235,0.065,0.8440854799477505,6.968835161023435,0.0225,0.7145231772735955,32.040254065102815
244.0,0.0225,0.9837080277470771,0.8588108584976656,0.1,0.9751311262571732,21.639221359698773,0.04,0.9665526205863004,18.70539390420846
245.0,0.04,0.9910153196892592,23.990728858222464,0.1375,0.9681262411197425,17.85160742987547,0.0775,0.8976256644416484,22.85701359869889
246.0,0.0275,0.9974441085858438,20.481976690381302,0.1025,0.8201540625287657,15.342754697776053,0.0925,0.8413918166575808,30.936976750256605
247.0,0.0225,0.9979554164432883,23.610433757042667,0.04,0.3210065749053867,9.436407101136977,0.04,0.08478047051148306,24.610511917984287
248.0,0.025,0.9990128030301333,18.47913810905704,0.04,0.7800999414076544,16.39046374602088,0.0175,0.13501538915353506,8.773894776740155
249.0,0.0225,0.9990230839147115,6.344011259651916,0.055,0.9003121459368654,11.501514421574814,0.0375,0.9187534090825581,10.716787748135452
250.0,0.08,0.9994025313565452,3.0742728443527056,0.07,0.9045214434030562,32.31651499863722,0.03,0.7024627731725243,14.582708791105862
251.0,0.105,0.9949499764844487,11.714636587926876,0.1,0.935420899934788,38.08849456310971,0.0525,0.9125769328097664,21.495292360765184
252.0,0.05,0.9049885992805602,8.239919129896371,0.0575,0.7833685270868017,11.455460419085217,0.06,0.955494297199115,38.179656028614495
253.0,0.0375,0.8562948879129267,15.28872426501046,0.0875,0.9535601444159766,22.39780037991602,0.05,0.971407522774989,42.6679089279899
254.0,0.1125,0.9944364125814259,7.15747597320793,0.0825,0.9383187906541983,20.90020426936734,0.025,0.6292095441927177,9.596180380445862
255.0,0.0925,0.9888236520821094,22.393504909288907,0.0625,0.8562440754433603,10.203753621328303,0.0575,0.9638305575365835,10.246385153679054
256.0,0.0325,0.833061218304056,1.6876168634503443,0.04,0.6559136485774772,11.214227450833786,0.04,0.9286517502405988,15.477034640997614
257.0,0.035,0.8955682371260176,5.331572751130185,0.065,0.9497800928164595,8.778483634279867,0.0525,0.9468748820926446,35.589812564734025
258.0,0.035,0.964265807437614,12.801958409898951,0.0525,0.9001685826985697,20.68066329881564,0.0375,0.9506885456141544,42.888937188209965
259.0,0.0525,0.985880800995133,7.297893733044436,0.1425,0.9500300161615196,12.589079656731453,0.075,0.9398261199853,12.41058102257023
260.0,0.0275,0.9916326733997178,34.66195231286617,0.0975,0.8622827755744416,14.417422854778682,0.0825,0.8439924074945465,19.923845872299633
261.0,0.0225,0.9929283871731919,32.355627918961204,0.0625,0.6491919419835255,15.276774466893347,0.06,0.41596582112384983,15.638329372329379
262.0,0.0225,0.996712655653976,22.517898944475178,0.0525,0.7733471434854324,22.72782210462242,0.045,0.7770290037987009,7.402786529875868
263.0,0.025,0.9988662692940575,31.7987574438512,0.0725,0.8432781409717249,8.688925132819861,0.0275,0.6897578430715972,24.46836323764023
264.0,0.025,0.9993686392751628,24.7681187073901,0.0675,0.9520891347875116,31.110715190591442,0.0225,0.8574284537694224,38.40121066643413
265.0,0.11,0.9985264229877533,5.494089131936559,0.075,0.9388366891555139,31.046744803661785,0.0425,0.8482661070980643,15.785377481668753
266.0,0.065,0.9736921090483232,5.080558151470486,0.055,0.8268394897905381,10.779627359897852,0.0375,0.8547908918303091,4.572340570004754
267.0,0.1075,0.9921250098515414,23.997122448831625,0.075,0.9543758600150534,17.98797035223378,0.0925,0.9769361307931899,19.810923261627643
268.0,0.0425,0.9166492269948883,10.843348196184277,0.0325,0.5199747529516815,5.334475967601151,0.035,0.854429265410516,18.760536374823435
269.0,0.03,0.6469125112753954,25.59987035983759,0.075,0.8454271724516566,23.253032835285502,0.055,0.9207266674066871,30.198182015485294
270.0,0.025,0.8399152055385399,8.33024469727141,0.125,0.9690750864001448,30.053854065674837,0.035,0.6844085855369136,15.072213795141616
271.0,0.015,0.8580590425794308,12.110394941779107,0.0925,0.9057166478556552,13.15003916414151,0.0375,0.8490317648428011,19.457255913804566
272.0,0.0125,0.841618515913459,29.199119340156244,0.0375,0.36696508631823543,2.511699238833784,0.035,0.8375194480061648,29.703838771940326
273.0,0.0075,0.8574646347701222,9.965258231287091,0.0575,0.7260626523928834,14.438964485187583,0.04,0.9082907138574117,18.285725976588093
274.0,0.0375,0.9899235581621117,34.26545593094131,0.1325,0.9071867545998531,16.45407295375223,0.0775,0.7585005175110725,19.873511145246226
275.0,0.0075,0.7554178454142071,24.302752177014362,0.05,-0.003156955360814053,7.831501405194677,0.055,0.33496682926273436,14.849202798581082
276.0,0.0025,0.7542144461453179,30.717672315591997,0.115,0.9140637819504698,22.967139572056986,0.06,0.8288183467294686,16.353683715381216
277.0,0.0025,0.5497713232582827,26.49307693621941,0.0375,0.5491086249430942,11.742730622613815,0.0375,0.7389840077385851,7.5328283832208545
278.0,0.0025,0.6247926096798071,1.249347218121331,0.055,0.6514467924413628,10.068739617072628,0.05,0.8986952613703193,19.673395802245107
279.0,0.085,0.9995693911253426,5.244265350725723,0.1075,0.9359937521506124,9.09088385156018,0.0775,0.9558159528501968,18.91289342405019
280.0,0.0875,0.9870363753052314,37.130921826432214,0.08,0.8596483422785224,12.057244562887695,0.055,0.806054758399984,22.723820738347314
281.0,0.0275,0.5823454552657723,6.750340838651221,0.09,0.8646019347790438,5.5985796186449654,0.04,0.7219317683303791,16.65176170628433
282.0,0.025,0.6840817706106272,6.30261703825591,0.1,0.8954604541867199,30.65861367715844,0.05,0.918985705927143,27.96313362610132
283.0,0.1025,0.996058297292466,7.512092337525933,0.1225,0.952206359050272,10.969740093144722,0.0625,0.8506566933001198,14.960453319105637
284.0,0.05,0.934294319921158,22.44618051236926,0.095,0.8190161096228471,19.210598366914954,0.0375,0.7336356230346059,4.1217787965411254
285.0,0.0225,0.3759513760538464,0.0,0.125,0.9516058272379622,23.47158937822735,0.0575,0.8932683064048857,27.621064959001693
286.0,0.02,0.7987503276161029,14.847870542551593,0.08,0.835085119724816,27.11311137595464,0.0525,0.9258506111484208,16.966083498344922
287.0,0.02,0.8745796817108035,19.064243186399686,0.0375,0.35842438231770196,2.005122780682002,0.03,0.8185185309072219,31.558132817332833
288.0,0.04,0.9848436433218454,25.559787732411273,0.1325,0.9117382728459866,11.182820366129187,0.0825,0.9167129087336947,11.970836316674715
289.0,0.0125,0.8908588943405102,14.646782927378943,0.065,0.4752130687452633,17.49233900884684,0.0625,0.5145984997078693,20.356000965803634
290.0,0.0075,0.6274845699382126,12.939143163336935,0.075,0.7562810101216754,7.950411318167674,0.0575,0.6941736767406593,8.952319316612195
291.0,0.005,0.6241295545971247,8.562096877886038,0.08,0.8707350479700599,33.166357336449536,0.0575,0.8522063711450988,28.41540347474361
292.0,0.0025,0.7360993806446818,17.387109568071303,0.0325,0.3382231383584697,16.237018992670716,0.03,0.7056382010603545,13.080646452273434
293.0,0.085,0.9997522636140208,13.427122991165742,0.0725,0.8158056024645506,3.9682830151318966,0.025,-0.0077628269797325915,9.07474630265265
294.0,0.11,0.9957465331081882,5.8303276917085505,0.08,0.8542572074691871,5.059335964879045,0.06,0.8456686594052271,16.128802866754
295.0,0.105,0.9800082803828113,5.95549619225744,0.09,0.9472294966631821,21.409437846863113,0.0875,0.9424626368682921,31.37590931391699
296.0,0.0875,0.9883541916372441,19.295946820717703,0.0725,0.9308308042487072,42.40001258504992,0.06,0.9227411475895448,30.82375193997965
297.0,0.04,0.8747212543544142,8.890095657021218,0.075,0.8404658860956752,8.721423512208249,0.0225,0.7147043159138964,2.2566641032263663
298.0,0.03,0.7958220000739897,5.70452525450246,0.08,0.9556227448939467,13.63805243091232,0.025,0.8507774059611904,23.4505815147616
299.0,0.0325,0.974363821862331,13.335454018856048,0.0725,0.9518094174406749,22.592682525090808,0.0525,0.9783555316068813,28.194379844193612
300.0,0.0275,0.9325693295570227,41.3677994483832,0.04,0.7419979900261846,16.852800140786798,0.0425,0.9041742526773285,43.4394132297636
301.0,0.0275,0.9757110779268298,0.03266899089311067,0.0625,0.9054544728523997,8.762746719774668,0.055,0.9702872475014453,17.309561415546472
302.0,0.04,0.9902168753417242,14.740863628067418,0.1325,0.9636835982684998,19.047688553666582,0.08,0.9446855375503213,21.441747164579432
303.0,0.03,0.9909351055923463,0.13131006706196746,0.0675,0.6882932802512723,17.836184456037802,0.0575,0.5737287383772516,44.49183500843561
304.0,0.0275,0.9981487991020674,4.214160553361001,0.0375,0.3260066292130701,6.690816563568785,0.0475,0.024165827278543033,22.091137801291467
305.0,0.0225,0.9962834422927999,9.74851340705288,0.125,0.9753466835358653,28.576843483757884,0.045,0.8208393234355005,19.998089755416416
306.0,0.025,0.9980648111454181,16.89439947471557,0.0575,0.8913338556202199,15.194061612795997,0.05,0.9193203540965633,27.33991009600771
307.0,0.025,0.9981637585937522,5.84077315242768,0.075,0.9421863228068004,26.259386693852143,0.0525,0.9487050925750246,38.62093675790322
308.0,0.1,0.9964501410005289,9.028935131575386,0.08,0.9097509403484717,14.949161592785975,0.0625,0.9002968835245683,12.5499455123762
309.0,0.0725,0.9629905271255254,7.853716875697185,0.055,0.7755439456723242,21.008645076542294,0.0525,0.949526889629548,11.830300960777764
310.0,0.0375,0.7694100689273425,5.599584296981506,0.1275,0.9621110778548849,48.96402484897793,0.055,0.9696120137053832,13.430460550378513
311.0,0.075,0.9647931049173466,8.526588463259921,0.085,0.9539885835147807,11.494627837641332,0.035,0.7813920486268016,13.040807666801959
312.0,0.105,0.9953613714928677,17.909017818642656,0.0875,0.9322613812319459,26.97620285088778,0.0275,0.6884087390382324,23.75240240008475
313.0,0.0475,0.9006230066065697,21.78782733252335,0.045,0.666866657998723,14.225266996149934,0.0375,0.8309387273115945,8.79108189504909
314.0,0.0325,0.8182672917225317,11.542328104610945,0.075,0.9454427758037306,15.852098065803427,0.0625,0.9679022480927024,37.1122479773845
315.0,0.035,0.9404162468718223,17.80646175061505,0.03,0.6023847914670515,10.751303991590802,0.04,0.9302493867680497,54.485374676637306
316.0,0.0325,0.9710751476415065,17.40075158159414,0.05,0.8526032384489713,36.1661200971377,0.03,0.9385995422893837,32.06518855548587
317.0,0.0475,0.989482501755952,40.28958332661862,0.135,0.9187406688611772,30.55019725893601,0.0775,0.7473374188198358,28.170815175244766
318.0,0.025,0.99184120602358,23.774082570240594,0.04,0.23297385049958666,19.569172480847094,0.0475,0.22750927545953542,20.547482968434238
319.0,0.025,0.9946023244785427,13.122449185302576,0.0375,0.363686397105335,18.0549260692069,0.045,0.10849269832558071,23.18712338363493
320.0,0.025,0.9961503796137886,5.761009475105548,0.0625,0.7971472912750318,46.3453380430953,0.0325,0.7510690784859885,31.70382799573651
321.0,0.025,0.9983800598359546,1.2872118335737768,0.095,0.9755058734037471,32.60186260859318,0.09,0.9893608651205061,20.4587015793012
322.0,0.1075,0.9994198740071093,1.7649490012710323,0.0975,0.9783932655712874,20.36601100699032,0.035,0.7704637898333242,20.03310503265254
323.0,0.09,0.9888370051115861,17.90030193460869,0.075,0.8944809015198364,19.620843079634355,0.0275,0.697564698139881,23.320459968779716
324.0,0.1025,0.9832226350855275,4.3909724889798465,0.0625,0.9335586676555656,47.04163047872633,0.0475,0.9144124257995007,19.389230848864674
325.0,0.075,0.9867644125195273,38.42522388010488,0.1225,0.9661365665411455,24.512548074228093,0.0575,0.9143643462800612,32.112439290681166
326.0,0.025,0.6249191243494614,7.94593463206271,0.0725,0.8086244137181067,13.796346039422842,0.05,0.895130627390677,22.07081711407822
327.0,0.03,0.8019179908272364,15.731297491319305,0.0525,0.5753673744079303,15.288756952015616,0.025,0.31313066988886207,15.168952852702265
328.0,0.0175,0.8875222882148572,9.087959041131333,0.0925,0.931836402397552,25.212911934834068,0.055,0.9625845486315517,6.4157213416609284
329.0,0.0125,0.8319589387755854,17.602684096204985,0.0625,0.7727171713394654,20.30040667038096,0.03,0.6432328693591239,11.823225618053526
330.0,0.01,0.8350386195814635,5.255505967109605,0.0625,0.713489292660158,20.259424583584725,0.045,0.8918990003744445,25.975726433150417
331.0,0.0075,0.7024498727801207,8.451817938664252,0.04,0.2833282389740563,5.177317297561515,0.02,0.25204005144892677,7.280783748255088
332.0,0.0075,0.6536669351388563,13.250961587331197,0.065,0.6511967695004425,17.828977271092345,0.06,0.932495700166351,24.870065042959876
333.0,0.0025,0.7896643515779039,22.504730152141118,0.0825,0.7566470611134197,1.6362160882545698,0.0125,-0.05782440255748737,15.23664161837196
334.0,0.005,0.8600729656256184,10.856817054996553,0.1225,0.9469570452259971,15.974966322111644,0.04,0.8903947305571969,31.68443995417227
335.0,0.0025,0.7877131979503631,10.008291573779855,0.0525,0.7235572801583959,10.206860533678883,0.0175,0.4518585401127475,18.357153765997907
336.0,0.065,0.9995696667458566,19.163100867667218,0.0675,0.8522206990272112,0.6878651259473834,0.025,0.3300879308959262,10.712504744885871
337.0,0.1075,0.9973791811687344,19.81756540767322,0.07,0.8689465466232698,17.766103425335224,0.0475,0.8567849517793595,9.54523677698218
338.0,0.0425,0.8799740933485494,13.19523733071119,0.0625,0.7737833376653787,46.26170052929159,0.05,0.9339991136910776,30.06234565832517
339.0,0.0225,0.4468583042663008,17.12489820027557,0.0375,0.6312167349716307,26.794003917861478,0.0125,-0.11953554604958404,17.17455312967875
340.0,0.1125,0.9921609914187043,9.57068051770382,0.0775,0.8907160883474812,12.692148471107194,0.0425,0.7383472692411635,10.793990864940834
341.0,0.0875,0.9887710060382584,18.521002526677353,0.05,0.6962709997920808,46.999274630375886,0.0475,0.8127630166255233,15.324480060909792
342.0,0.0275,0.6063824292611759,2.5993773354628646,0.1175,0.9030056770324659,2.3167542019360727,0.0575,0.8443093202399254,7.062036448917295
343.0,0.025,0.7530130560657544,12.96061000104589,0.1175,0.956079620011394,11.256721093951061,0.06,0.9247324340094739,48.87409011449937
344.0,0.08,0.9837432059763649,6.2474210173309945,0.08,0.8432433693730531,35.204876184398664,0.04,0.8301556212097799,22.789427788935743
345.0,0.0475,0.982888868823693,3.567281365958215,0.135,0.8912563130541804,26.460939315565884,0.075,0.912739452610636,31.264467781194313
346.0,0.05,0.9864568375548937,39.75283166272608,0.0925,0.8287636133882651,4.48592339950179,0.0625,0.7308352907372013,14.33883856152982
347.0,0.035,0.9827665965724267,9.435648729364889,0.085,0.7342145206403355,19.347255253362768,0.045,0.22639389425642012,25.464761325172333
348.0,0.035,0.9924142669707056,3.73860436514529,0.0775,0.7159014428780894,5.591774155678927,0.0575,0.7152152343515192,34.862198239312704
349.0,0.0425,0.9931001272996888,21.053455499957543,0.085,0.7744487003517349,10.208725383529005,0.045,0.7088425660909538,14.303264333740529
350.0,0.0525,0.9905484218561398,12.029455637814428,0.08,0.8379996645977318,20.37072472027213,0.05,0.9065444329423578,19.748803492280768
351.0,0.1025,0.9970920579335563,10.420311503946111,0.0775,0.8192966771478429,26.48978184863037,0.03,0.4750464864728158,24.332244748205788
352.0,0.065,0.9794360625523824,22.026381673151892,0.05,0.583231647531525,7.623355113156882,0.0225,0.3386480654029482,12.32450098458455
353.0,0.105,0.9889343292799139,14.882394378699516,0.0875,0.9155155427986476,6.158909125757287,0.035,0.6832503739125152,11.77447748247121
354.0,0.0575,0.9636565438571435,20.369298641282136,0.115,0.9331016305507689,10.791003102704623,0.0425,0.8068107904833041,11.38826641618833
355.0,0.03,0.7965252589316831,23.529122400859805,0.0975,0.8801854027995919,10.760288089133654,0.0425,0.7532683564505339,23.611706238834774
356.0,0.035,0.9457732961110731,5.678073861616262,0.09,0.8564552793829812,15.262267359253812,0.0375,0.7484322516080344,34.36864101715504
357.0,0.035,0.9630809587242655,29.688429730054416,0.065,0.7493511902935869,23.442078232870173,0.03,0.6335881656032356,13.959015443820231
358.0,0.025,0.9669637623839229,2.3992267717498876,0.0475,0.42518671096103633,12.370706597252495,0.0375,0.2884367107556057,0.0
359.0,0.0225,0.9779491202142302,21.66840959481956,0.0975,0.8763843689987555,24.853065526041078,0.0675,0.912323928206603,20.621987445770337
360.0,0.0375,0.9836160179301087,34.80147703320878,0.1325,0.8822650741421391,32.07801394130121,0.0725,0.7924671241154706,28.069056624768297
361.0,0.0275,0.9865796256880048,9.272537383071153,0.07,0.649375782358328,12.36983340092891,0.055,0.3954114135721249,19.776352949867377
362.0,0.0225,0.9836452678540608,8.821048293032,0.05,0.1390942169372975,13.617526326741041,0.0475,0.39733175331048304,10.563230363958303
363.0,0.0225,0.9827674093285041,11.295428093198252,0.045,0.3062622891851745,10.942058411801947,0.0425,0.3806663345743581,5.823032634002506
364.0,0.025,0.9838951173516672,20.0234008475902,0.13,0.9291321877992623,10.406001679752954,0.055,0.8106201308250625,8.899444051378138
365.0,0.0975,0.9969684355922319,3.9856858373474235,0.11,0.9057335988962584,13.208396665884557,0.055,0.8388679234219002,14.433292706765606
366.0,0.0825,0.9885670836214052,27.1806633708646,0.07,0.760280207707609,54.58410923015775,0.0375,0.5540919229540592,20.4774388102583
367.0,0.04,0.860422118308056,49.25680153062985,0.05,0.4918225539829723,8.490354709835856,0.02,0.16099014139641016,9.113730976358989
368.0,0.035,0.8305203285877526,38.09034605676091,0.0975,0.8273892578737388,13.406589832180963,0.035,0.7598614722372247,36.99382679910864
369.0,0.1125,0.9927209417726559,38.03550981826283,0.0725,0.8115334344101177,11.420034870703205,0.0425,0.5928771669227291,1.0296772612717646
370.0,0.09,0.9804949740089953,27.80455651515333,0.0775,0.8284118992337188,17.55656986718183,0.0425,0.7498151653332769,43.458923888333615
371.0,0.0325,0.6604724086297635,2.6283516041517485,0.0525,0.6667461218780456,23.794854018261752,0.035,0.7207402325053112,18.648857800329413
372.0,0.035,0.8498563621804838,0.9990104872005012,0.04,0.4099603483009589,9.776204197376048,0.03,0.6219434157784254,15.393596701412095
373.0,0.035,0.9339662895783535,1.8632480355711125,0.06,0.8376965525971964,10.502694582130705,0.0425,0.8387323562875009,40.78798136459881
374.0,0.0475,0.9769446371878915,7.414290572166725,0.15,0.9604597491333478,12.8063088662559,0.0775,0.8652906111393238,12.104690748838507
375.0,0.0275,0.9662631705732108,34.921225098992174,0.11,0.87429758407314,91.26699784746575,0.065,0.757803302191053,22.20826807576234
376.0,0.025,0.975490002088174,7.480896976839487,0.055,0.4144550190168118,8.981665090769225,0.0625,0.7282312365940787,17.068423674693914
377.0,0.025,0.9829095625198105,3.5997656039716617,0.0375,0.3291261921423155,8.780089659097563,0.0225,-0.06814557574138085,7.194110656438493
378.0,0.025,0.9832407209019393,3.7606888630304756,0.06,0.8471607339235977,20.48804709791306,0.055,0.8423378935996447,6.109718336202
379.0,0.035,0.9876009479901595,0.0,0.0575,0.8562657043448463,2.613008133545243,0.0575,0.9610858748452946,13.463385318169042
380.0,0.1025,0.9981487416397041,13.012092162765079,0.09,0.8982647553854081,37.682489280839285,0.0625,0.9318593103496579,13.351195093819523
381.0,0.075,0.9620033689574463,8.179975366212846,0.0725,0.8414512879882112,29.581457071743063,0.05,0.6872440834374484,9.431133765621734
382.0,0.105,0.990631139653696,11.443116293025192,0.1125,0.9629437069685964,22.63793981838426,0.0775,0.9770561117488209,20.682252494498602
383.0,0.04,0.8886498185464755,19.278865470327787,0.0725,0.8405418447153887,17.001259652618042,0.055,0.9498070046790689,55.93781349414453
384.0,0.03,0.6804552630299271,11.218942851619522,0.0525,0.6721509111970282,11.149696380489367,0.0225,0.6486121811641758,24.407445883114587
385.0,0.0175,0.8355739738541134,8.044265450587298,0.045,0.6601314298606195,8.977422947078422,0.0125,0.0745881059522756,26.316495869363884
386.0,0.015,0.8588894839909939,10.364984920790722,0.045,0.6188524793132297,4.659631659050248,0.0125,-0.06062156021204379,12.404359385395685
387.0,0.0125,0.814165666466871,31.94002062773432,0.0375,0.3844596146652182,3.183381758514466,0.0125,-0.2595333406332173,11.607817988822502
388.0,0.0175,0.9093433778432484,0.0,0.1225,0.7952665780031835,17.319023295142866,0.0725,0.8174516127780831,31.3752896546722
389.0,0.04,0.9928601604122598,27.261056206236592,0.1325,0.955794392399367,23.67450202253309,0.075,0.8205165356338526,45.45857847073699
390.0,0.0075,0.8285247730156048,23.97353364031035,0.075,0.5385803082498432,19.896688986443984,0.06,0.5365921729031288,30.979774638770266
391.0,0.0025,0.7167928326128693,25.079608713653787,0.0525,0.5094659527860207,7.678902404955484,0.0425,0.4552037038549766,15.79232870674425
392.0,0.0025,0.933711876760375,13.132483621667951,0.05,0.6286380411504356,3.2375263187369803,0.05,0.8465512957644821,16.3797674138586
393.0,0.0025,0.9452194311007509,4.159905278630221,0.045,0.4881009395144204,14.229117645662225,0.05,0.8564678714703804,27.37189193903118
394.0,0.1025,0.9987982320128638,10.027609690874101,0.0775,0.8715811155142772,6.728492614814555,0.0875,0.9199423062812973,4.725659322989882
395.0,0.075,0.9849228814962542,17.15129068541892,0.0925,0.8921137062070689,20.63439494090091,0.09,0.9701841140184178,26.9786897275906
396.0,0.0225,0.3586290045217201,7.1285006677823,0.06,0.8309346327736021,6.430345367688669,0.035,0.5209080313646121,16.569483086061943
397.0,0.0575,0.889297611635444,0.12652656341238647,0.09,0.9083752483051691,5.30749478656091,0.045,0.7723976821448679,10.677228693363203
398.0,0.1,0.9963634137494018,26.06233806286064,0.09,0.9080196712101968,13.763380273849462,0.055,0.8739683674273963,16.675121629800543
399.0,0.0475,0.9005080082272238,28.7423715001673,0.0925,0.8470145667362544,4.791089672159018,0.0475,0.7721254421812578,18.79969612316661
400.0,0.025,0.5126148432235078,6.547013857130295,0.1025,0.8596573510719742,12.56575649499474,0.06,0.9396821774261692,18.55140177371418
401.0,0.0225,0.8868891729279964,3.768760190169036,0.075,0.7134595611721701,5.418480266161176,0.0575,0.9007493138018235,8.989009921149938
402.0,0.015,0.8346818370965624,13.462525738085741,0.06,0.654862158382909,6.859896829662228,0.0575,0.9187926785318338,18.112430647840412
403.0,0.035,0.9829712920939808,22.346698280333644,0.16,0.9363106937454443,44.01624618354131,0.0775,0.8668772045861797,18.0852248571573
404.0,0.0075,0.7740023797977399,15.688343613674851,0.055,0.04769530903414328,21.93198109968324,0.06,0.23799670465234696,25.4320126989277
405.0,0.0125,0.8992126324219071,23.524931984013556,0.08,0.8485098979571188,33.20310672675006,0.0625,0.7245204059348926,14.701482173848046
406.0,0.005,0.6654470554405632,26.26677503307787,0.0825,0.8616966098537954,9.476770532736186,0.0625,0.9075314338450441,25.36874997171627
407.0,0.0025,0.9299480308316758,16.456431182548013,0.055,0.839515133004987,27.445814183526874,0.0175,0.4079405511343977,12.378828870144057
408.0,0.095,0.9997114278983721,2.2156165635831986,0.0775,0.862694282706875,22.235830093253842,0.0275,0.181837483633577,5.425661362088427
409.0,0.1,0.9927736214478943,19.427771747266206,0.0425,0.5630870738738583,15.547939284680899,0.025,0.1962033475540233,15.976364192185555
410.0,0.1075,0.9856698153344595,4.991300927951502,0.0725,0.8763380251555589,13.818531970391145,0.03,0.5203633817851038,12.530760284058406
411.0,0.0675,0.9832697068898069,13.013146215564307,0.1275,0.9780038598271267,8.602144273301914,0.055,0.9742074948344154,22.140141767713605
412.0,0.04,0.8640741285703369,24.67596688903495,0.05,0.708182193805733,16.91118348853226,0.0525,0.9665136550835447,18.945337775249147
413.0,0.0325,0.8773040622153038,2.1447785566637734,0.0725,0.9225036892576337,22.68802966807168,0.06,0.9677797591876452,55.423089588400785
414.0,0.0325,0.9705332894782586,13.786200608283112,0.12,0.9730539040018202,29.737031053053936,0.0575,0.9758766363731856,30.218297252813677
415.0,0.0275,0.93821607285554,1.8602930142580154,0.065,0.8936368990240863,35.43293201913928,0.0325,0.8395720968813699,30.384463827736266
416.0,0.03,0.9869003989349022,23.105337806876673,0.0975,0.9507504965971533,27.121498220292032,0.06,0.9809276631995579,10.846301372702671
417.0,0.04,0.9911591444355048,9.369517613158463,0.1375,0.9685690504113945,23.57908553558677,0.0825,0.9436266505447214,14.034956327818835
418.0,0.03,0.9904981439090432,13.932613762310309,0.0825,0.8508728822061599,36.323609810331405,0.0975,0.87492625390308,17.487533485531273
419.0,0.0225,0.9987728008584514,19.144928404037852,0.0625,0.8386053268886107,30.969672367627986,0.0575,0.6842128107034834,12.321487217479234
420.0,0.0225,0.9975086082075201,14.137295752905706,0.055,0.68218984899422,15.331144645441096,0.04,0.6308362265311017,28.051312375324624
421.0,0.0275,0.9969998117011563,21.024147720285274,0.05,0.8454053450387559,3.7182680240131063,0.0375,0.8544457346245344,40.45726164426294
422.0,0.025,0.9981808755526282,13.84645681156433,0.0725,0.9327058576975853,16.52513419820654,0.0175,0.630053259093958,13.554699324724243
423.0,0.1,0.9969791051522604,26.404884686229273,0.1025,0.9731883103703347,16.498915572783453,0.0525,0.8684685651978531,16.728852951514167
424.0,0.0475,0.9286010886880032,8.616614346848642,0.09,0.9039168828006318,21.499701997113938,0.06,0.9655750838290317,35.08144946623475
425.0,0.0375,0.7928282576112063,5.496811123827743,0.06,0.8460708650425709,10.720876007383051,0.0325,0.9274898478285777,15.33168735524834
426.0,0.1025,0.9864899739937176,16.448494757908755,0.0675,0.9212407782135462,12.179723131367163,0.0425,0.8452937028545301,29.455072871238556
427.0,0.0875,0.9929808936495149,20.03059027577018,0.0675,0.866354610764524,20.156967747341625,0.035,0.7802597622858647,25.311006566603563
428.0,0.045,0.8502542399654622,12.25449601442383,0.0475,0.7409681459807959,11.010500248637083,0.03,0.8262840982356778,29.743106946234676
429.0,0.03,0.869419226093103,5.430108865709697,0.11,0.9795824031904159,17.445387945852254,0.045,0.9492537374500787,21.60065681240021
430.0,0.035,0.9402006484457207,3.221473724336416,0.0825,0.9567324688192659,31.515283298626034,0.03,0.9092902875159107,15.399257606542934
431.0,0.0325,0.968756316643253,3.994645527143064,0.1025,0.8202803526660569,9.76596137262603,0.06,0.9062788342068226,6.640308647546772
432.0,0.05,0.993686525531276,15.053033292491323,0.1275,0.9165794693024367,14.406926618328356,0.1,0.8869733292811554,10.147495842783936
433.0,0.025,0.9911558490046645,12.933093821709393,0.0775,0.8446822990407762,23.491886501365435,0.08,0.8531442183882376,28.243744462377435
434.0,0.025,0.9952625767670025,17.75142823482351,0.045,0.7098129727290744,14.036616504305899,0.0375,0.20110004423811945,38.133259891294664
435.0,0.025,0.9972472093137316,28.70776945955221,0.04,0.6030492047135816,23.167006549890765,0.0175,-0.07071361580711867,10.7436534710478
436.0,0.025,0.9991895974822882,38.43227344683068,0.0225,0.5799158934491571,14.240033290521323,0.01,0.013720540026616362,14.126973013090783
437.0,0.11,0.9989199082818075,4.824936149893546,0.0675,0.9318273411901161,7.858195503746277,0.025,0.40774997242512984,33.62145253674737
438.0,0.085,0.9869810517300348,16.312049115196903,0.0925,0.9508306668377567,48.77819557994711,0.0275,0.5926711749621517,29.80452639182875
439.0,0.1,0.9841715327043051,10.185071364457094,0.1175,0.9835835748789896,10.606780512542564,0.04,0.8692183583253883,16.59402180851587
440.0,0.0675,0.9756485370376194,30.972725988819665,0.0875,0.9191567394137417,24.423080697545643,0.03,0.7934348031711356,21.71795399129295
441.0,0.02,0.39649254314548144,5.13619510281122,0.065,0.8219882243795777,12.693824576780411,0.0225,0.7242327529873722,16.887289283880158
442.0,0.025,0.7955226830505961,8.411642456918546,0.035,0.5123343941980306,9.512607547046677,0.03,0.6851836904204222,11.512423082601334
443.0,0.0225,0.9048803097484993,22.44050080757284,0.065,0.8888656236623925,20.00537941648122,0.0525,0.908808500709862,15.080447067535733
444.0,0.0125,0.8445620528937959,13.819298507713887,0.0775,0.7243569250906471,6.094464118306423,0.0275,0.39179083019138816,11.684838134773013
445.0,0.0125,0.8550356503684561,22.434032973043152,0.12,0.9271684116799809,19.994161741059486,0.0525,0.9385521018028578,8.66184983259791
446.0,0.04,0.9947663845212675,20.42017424327301,0.14,0.8980743848272699,33.71307851157911,0.085,0.8289217410457415,21.284218321829947
447.0,0.0075,0.8358066436222279,21.207451731044063,0.0975,0.7886195484624899,28.509226605633494,0.075,0.7478428097617272,32.39072514646948
448.0,0.0025,0.6890114620684463,9.593309629720665,0.0725,0.8257731312066575,9.750298928162287,0.05,0.5345681384289572,22.61825509081588
449.0,0.0025,0.8084951171762951,7.286705686128412,0.05,0.577263890171451,18.565692629698283,0.0425,0.7544850689358018,4.496662205664529
450.0,0.0025,0.9193377780145235,7.488003082458265,0.075,0.8418712360634129,9.725642044812798,0.0425,0.815113189941349,22.578649379016085
451.0,0.0825,0.9998545576548307,15.992801110879803,0.07,0.8314626408040078,12.88969154546325,0.03,0.40487539637519515,21.603490242352322
452.0,0.1075,0.9947221389745787,9.010363860916383,0.115,0.9464000629618762,26.370896362688534,0.0375,0.742992459698652,45.07273778304282
453.0,0.0375,0.8192815060739626,24.49894796015691,0.09,0.91535039808182,17.45169806598118,0.0225,0.7126723928355015,26.170357271061402
454.0,0.025,0.5496499741032913,7.632927646756597,0.0825,0.8897315930171392,44.894875525157936,0.0275,0.8465810617019973,15.537247620041219
455.0,0.1075,0.9929152565483069,6.854794921530195,0.0775,0.8852759945532244,8.714442949359038,0.055,0.9036034814493779,18.511822761297786
456.0,0.07,0.9870232413128622,12.372758392271908,0.095,0.8745534155942191,17.294203031808642,0.0475,0.8407015899003927,23.78747782290105
457.0,0.03,0.5399507777190595,21.67710284979348,0.12,0.9272188759187344,23.422829575918804,0.0425,0.835925004403411,9.116991765467212
458.0,0.025,0.7396229312008233,20.980088433937144,0.1025,0.9331179969462376,4.49146331317319,0.0425,0.8675838430073187,25.588320862430475
459.0,0.02,0.8888862688966271,13.450762924242044,0.08,0.8810758160269722,18.855641665225257,0.03,0.7787889667107153,14.304248844155385
460.0,0.0375,0.9691734950091045,12.766810021583035,0.135,0.9046550298348397,16.970113785854245,0.0725,0.8540437806914228,35.905190436030665
461.0,0.0275,0.963459560245358,17.001415514244243,0.0875,0.7742348180929889,8.21245735709406,0.09,0.8229202416319876,5.504960416726277
462.0,0.0075,0.7658605171627628,5.0922374051897705,0.095,0.8658137203616797,19.73721470847125,0.0675,0.7683656082514508,15.5794811336935
463.0,0.0075,0.7447844330517791,17.45303697368483,0.0625,0.7062335901932022,29.765658142068226,0.03,0.3970505690039893,10.899116525263734
464.0,0.0025,0.7401577066676637,9.944861395914067,0.095,0.8723722028106216,9.100321079133511,0.06,0.8919302727036631,11.304417496002866
465.0,0.0025,0.7644024287432678,15.132028857939574,0.0725,0.7739708541799559,27.5456079007459,0.0575,0.931538482664487,29.10357111604087
466.0,0.1025,0.998496419210273,13.101179538924468,0.075,0.9039356193655409,8.072409593055418,0.045,0.8330711638074338,8.19567581286128
467.0,0.07,0.9600806265135031,6.6591465059705,0.08,0.7993742112172079,2.805744313928262,0.0325,0.41738682665789534,16.63675818130805
468.0,0.1075,0.9898048865025553,24.371229381888284,0.0925,0.8773986999516769,5.05420103643572,0.0325,0.6907334684716605,7.447323299610238
469.0,0.0575,0.9385689125047342,14.568911481668163,0.1125,0.9167543010064989,24.177278973971028,0.0475,0.7837415949801116,11.56571805646428
470.0,0.035,0.8339930860809868,21.87231370884865,0.095,0.8350696881393953,16.229649371757247,0.0425,0.7982918369348125,16.880634412494977
471.0,0.0375,0.953610989832514,4.49445672635979,0.085,0.8710609700848965,7.616558751561765,0.0375,0.7318350832865007,13.355619203571631
472.0,0.0325,0.95480301068041,5.334632937567147,0.06,0.5414092268036023,14.533497298865454,0.035,0.6824783444177063,26.853915528621553
473.0,0.0275,0.9675572260403951,9.93963350660865,0.0525,0.3353356376415526,18.10427633673919,0.0475,0.5046524326025577,25.648867722895265
474.0,0.0225,0.985687577876863,30.61980212128386,0.095,0.8749461621890556,21.48290316493123,0.06,0.9029574740317371,51.658932621138206
475.0,0.0375,0.9851823199829023,2.0640355473008603,0.1325,0.8752582624386727,46.07139326158749,0.0775,0.7484711069710631,21.67731837342216
476.0,0.0275,0.9860930678979497,2.2216059904526415,0.0625,0.6223404264829795,9.148069367453456,0.0475,0.3486599638768958,21.06356199191613
477.0,0.0225,0.9840634864647618,4.30165385161419,0.0475,0.2531008267379929,13.80771078648542,0.04,0.4611144091087553,19.61831216019433
478.0,0.0225,0.979406247831679,17.624653944980437,0.045,0.3372062288262314,11.454086548204641,0.0425,0.4837245976465259,14.83015944351662
479.0,0.025,0.9785777640027065,14.748657666687713,0.1325,0.9318362822784295,15.781374791252897,0.0575,0.8705264046553131,23.38762085887941
480.0,0.1,0.9962492627763304,3.57980691824038,0.09,0.8765229194873823,9.417207297438287,0.0475,0.7967999564420172,10.157992843429879
481.0,0.0775,0.9823764128606803,25.34350825449203,0.06,0.6911159033522866,16.350426245759714,0.0375,0.502261330826188,41.07081595035568
482.0,0.04,0.8384942620138451,4.000755764690784,0.0675,0.5746540722009418,3.1855094215673048,0.02,0.09979853772020496,6.273494269349145
483.0,0.035,0.8819060085713126,7.290347762299387,0.0875,0.766280926605807,30.379101851602922,0.04,0.7355994686307161,16.81041438968602
484.0,0.1125,0.9966404176697801,13.40884533731132,0.0825,0.8365260039950525,11.580961711197189,0.0375,0.6950423830278628,17.594267952754848
485.0,0.05,0.9382104379766969,8.191502170183165,0.075,0.793622478435258,22.168599568114132,0.04,0.7231094996500924,15.233306795165085
486.0,0.0325,0.7213494414693514,12.254308922279044,0.0475,0.6311339533590212,6.923248364492477,0.03,0.6836700288010494,15.812281053085401
487.0,0.0325,0.8869051606041388,32.57332880971167,0.0375,0.47471720807913353,8.695431461121414,0.045,0.6575067498467199,10.747103099806786
488.0,0.035,0.9507962401510235,19.181029719050436,0.065,0.7991995100206857,10.214289983386529,0.035,0.7792231993066226,22.923200376350277
489.0,0.05,0.9722093180507155,43.21590101294199,0.1475,0.9507401590024027,17.430083450649082,0.0775,0.8429836426820654,18.309266417366125
490.0,0.025,0.9701465124040559,19.48667321414987,0.11,0.8020952932176428,17.03052141753727,0.07,0.776342326606163,13.576599602033024
491.0,0.025,0.9665156556757677,47.63107522905501,0.05,0.3275209202131792,9.740312423008696,0.06,0.6714481278154314,35.25732861508666
492.0,0.025,0.9754328883432984,11.597890712683467,0.04,0.458775931762245,3.9622062635852884,0.0225,-0.07960635022476953,4.8482408612399155
493.0,0.025,0.979206205033564,5.562359478670692,0.06,0.8673484037394464,18.8117419593485,0.06,0.9153342742215499,29.154541912424904
494.0,0.08,0.995545470213908,5.750502109172428,0.095,0.9123299952258237,39.39182642437318,0.06,0.9506787302084903,37.367923042833866
495.0,0.1025,0.9976036718659317,9.2596546188565,0.0725,0.8200097800796335,22.535880718977005,0.0575,0.9178948913843503,23.62333939267588
496.0,0.105,0.9805088244386952,3.133986135536442,0.07,0.8891429427990772,2.630347951161236,0.0675,0.7488400060153639,27.593001055104548
497.0,0.075,0.9847037211473442,20.824713498361245,0.1125,0.9589329859157119,9.907878096138315,0.075,0.9700000617825104,10.294085401041253
498.0,0.0325,0.7856161970279106,29.759540524756822,0.075,0.8138761375023119,13.444351714116982,0.0475,0.9444457856988383,18.72222145726742
499.0,0.03,0.7465958954279562,9.94095483937404,0.0525,0.6855272361862474,8.055444161679375,0.0225,0.6393504673821955,11.436193741026221
